char,number
栩,23
盪,150
俠,61
鉗,17
機,14408
班,3451
醞,13
呎,17
眾,2215
裙,221
西,7590
ㄠ,21
標,18945
喪,104
篤,19
啡,9802
嗯,366
璀,16
克,6925
磷,44
狠,110
京,1543
荷,613
矣,24
盼,160
═,616
ㄗ,20
ㄌ,29
兜,136
托,807
謀,79
D,27488
又,9861
冷,3943
筒,514
焊,18
甚,1953
肯,781
矽,177
糧,104
萄,741
碩,205
膜,418
斌,37
蔥,1818
艋,103
瑩,81
驗,3438
麺,42
抬,206
周,2917
慎,213
酉,11
蹦,63
鶉,11
∵,34
鑼,71
捲,1332
匠,107
鑲,41
暉,22
２,421
輾,38
砸,128
膏,392
奧,394
十,5518
仰,185
懲,61
殊,607
瀏,95
畸,12
詢,1765
累,1296
怎,4158
受,6158
苳,12
傷,1736
汪,48
吞,321
估,987
改,4180
肇,53
齊,551
札,120
銖,11
指,4187
幸,1796
合,11463
廊,213
盲,122
3,227639
件,3643
掙,78
叨,11
謠,83
布,4062
挪,59
半,5412
播,659
駝,37
頤,55
虹,316
4,198584
祖,424
思,2336
癖,54
岳,56
Ｆ,68
瘍,14
内,20
糠,39
溯,41
殉,12
窗,887
膀,123
淳,54
拉,5637
饞,104
妊,163
灶,22
惠,2531
尿,1401
冬,1308
續,3909
尤,984
呆,222
圳,45
豉,23
筠,11
參,4393
霓,23
繽,237
侵,257
薛,53
樣,16118
施,1104
最,16566
鱈,106
礦,272
鉤,31
七,2234
楠,381
祿,24
燈,1534
暨,124
J,8537
入,9654
趣,2098
兒,5845
琺,30
吠,14
投,3061
銹,63
盃,135
酪,1127
委,1247
阱,11
撲,253
翔,196
屯,1064
促,353
拷,15
亥,49
工,9280
炒,2105
斑,199
南,7734
褓,18
閩,23
鈕,87
站,27299
舍,282
蔭,33
陋,36
穎,103
癡,71
很,42052
萌,160
羯,39
荒,155
瞜,13
錐,61
飼,183
雕,200
鞠,44
椒,1355
隧,47
棕,71
彩,1085
寸,873
號,9717
0,598325
考,4952
蓉,78
藏,1406
歐,2038
毅,110
嘶,21
臍,102
啪,33
躺,515
途,446
娶,33
辰,138
麥,1361
懾,15
僑,36
格,8452
艙,48
駭,33
漩,10
川,2209
詐,162
頹,13
剁,41
揀,13
與,11746
逼,400
沸,153
╩,24
蕯,31
踢,30743
灼,20
鰤,31
根,3225
輝,175
霞,92
よ,20
節,2717
麟,94
鯉,32
簾,103
球,5331
致,1579
暈,190
扎,310
彙,70
值,3373
愛,9872
賊,92
平,8278
氟,38
許,3678
台,30759
論,3737
黯,22
澤,450
訝,183
攤,1944
荼,18
蟬,40
壘,181
金,8911
執,819
鬧,702
椿,16
ㄜ,23
惕,10
嗎,12287
榫,16
蝠,42
認,5062
豊,23
弦,44
圓,2131
督,162
岱,117
阪,614
乏,187
孜,40
桌,3650
察,1235
攣,12
劇,889
剩,1168
戳,222
待,2792
蒲,68
営,42
附,6630
請,17239
敞,262
飄,271
挨,53
↓,110
逃,264
造,3348
方,16011
尉,12
胡,1007
@,2812
乾,4297
光,6450
喘,95
鈣,93
鑒,16
符,891
咖,11097
荖,23
籠,453
焼,26
除,6293
割,310
蕨,56
稅,1343
獎,1626
它,2973
 ,1
棺,39
玉,1789
婕,21
注,2513
肩,352
醜,332
舊,2081
礁,73
狸,53
登,1362
紐,439
ｎ,20
扭,222
養,2969
紊,11
沛,132
擱,48
譜,156
枉,47
導,2695
匝,22
消,6100
瀑,56
臻,28
蹣,20
O,19611
討,2704
告,3891
白,6458
植,489
嘟,76
塚,17
功,2675
毓,26
崧,11
母,3286
娥,12
剷,10
絞,132
溫,3722
瘩,62
傑,244
詞,384
扒,65
誤,1158
聲,1969
つ,39
揚,451
餌,14
查,3228
洨,47
喝,14645
悼,12
遮,190
地,21152
弼,21
速,1988
z,12827
挑,2032
才,10477
哀,170
嫣,30
嚓,15
プ,28
傢,67
鏢,28
釣,115
解,4515
未,4103
刊,110
煮,3017
弗,14
餛,174
新,19915
Ａ,121
誓,35
咬,1443
萱,230
焉,25
号,26
撇,89
牲,88
境,2405
剋,10
扮,196
鋰,22
竿,49
友,10776
鷺,13
碇,25
暖,1010
痣,16
覆,1070
近,11099
擴,432
 ,296
彈,1612
粹,287
拙,31
匣,10
v,23076
櫥,118
銅,325
祐,67
鯛,239
咽,16
塑,690
馭,30
丟,737
治,2086
囤,42
轉,7215
淮,46
惜,1364
鳳,2185
菓,206
鱸,40
湃,52
唐,281
揮,395
＜,107
晰,73
蔘,53
閤,11
榜,252
輒,33
倘,33
侖,16
囉,2396
踴,59
廿,147
鄙,19
狽,24
証,14
瓢,14
妄,24
冊,260
網,24572
懇,100
醇,432
芽,395
薑,409
鹹,2479
伍,206
漫,449
郡,46
庸,56
菩,57
繁,348
屑,118
綿,937
砌,12
麼,15752
乃,262
妙,743
爸,2223
C,20815
謬,37
畔,25
用,32875
態,2051
溥,14
已,10497
勢,1558
喇,184
頻,831
善,1391
狄,20
抹,2419
円,43
著,10878
栽,303
垣,11
構,539
黑,5066
？,17886
健,2606
╚,34
贈,1745
誹,15
骸,28
沈,167
卵,322
扣,1292
薩,897
河,1263
護,2609
蓮,799
減,1659
座,3509
顯,2649
廈,120
櫛,22
翹,59
餞,46
步,2815
抖,96
慶,1026
譙,13
鑫,32
チ,19
逕,37
喚,90
雇,253
外,18141
賦,142
獨,1714
倦,43
撈,280
壁,929
甜,10361
啵,52
跡,372
娛,132
冤,53
爌,96
妃,200
賭,379
志,607
輔,325
憾,140
珍,1415
驚,1696
禪,30
璃,815
磊,23
c,161260
宜,3954
瑤,30
付,1537
卑,32
醋,649
迭,58
煙,661
末,1142
踝,173
７,191
嶄,34
掩,137
亢,14
璋,18
欠,189
コ,19
脯,48
糗,20
蝕,22
池,861
涎,73
鳥,904
辛,1217
瘦,536
食,15481
富,2054
蜂,642
檯,644
病,1424
倒,2311
苜,18
茄,997
瑄,11
搖,1131
腸,1442
馨,446
鋼,1161
款,6036
還,36980
什,7545
埃,52
練,1543
粿,177
籍,560
峭,12
利,5907
奮,207
次,15829
胸,471
譴,24
野,1381
症,652
曹,31
黏,596
糯,126
俺,18
循,239
灣,7415
宏,419
帕,236
突,1444
敘,152
泛,141
千,2323
キ,26
器,3807
瘋,424
唄,36
特,9818
屐,13
の,180
複,738
難,5073
拗,13
淋,2178
屋,2420
描,378
技,1906
葵,156
山,7138
拆,1466
涵,204
掃,700
骰,77
ㄛ,27
邋,14
廷,111
錶,4596
祠,24
瀝,42
蹓,10
葉,2260
q,6856
Ｕ,27
罰,497
鈺,30
嗝,194
タ,25
裘,17
牢,58
佰,16
猖,10
接,9546
氓,29
褒,13
厭,409
豐,2296
脖,126
吸,3668
央,713
巒,16
Ｂ,75
羅,1168
痔,15
偵,190
呼,1156
勇,499
斐,61
片,8604
瑣,34
坎,29
唸,271
迥,15
嘿,141
醛,18
鈍,20
逐,456
于,38
房,4066
屢,62
襯,357
涼,1426
直,10036
芸,26
拔,430
撰,52
拎,22
煦,17
並,5219
妤,38
箏,26
歷,1101
竹,2110
炸,3098
覺,19693
月,15050
卿,41
棠,65
蛇,169
振,238
そ,45
博,1041
吊,443
捏,356
疙,62
懊,26
梭,103
G,10301
嗇,28
楓,192
澡,573
繼,1293
咚,61
鍾,173
誰,1029
曜,59
苗,814
選,10771
忍,674
矢,29
媚,35
類,5510
含,2290
衷,107
莧,16
狂,920
血,1757
眨,53
灸,10
髓,44
採,1794
妹,1917
氈,41
矚,57
密,1821
塢,48
兀,59
疲,149
晚,4687
斤,1467
樑,17
黒,13
尊,467
吐,1462
頃,130
麵,9433
兼,393
S,29686
同,11293
乙,319
桶,1261
彬,38
恢,258
屌,116
緋,13
俯,40
酚,21
丕,14
腫,204
諒,386
纖,258
瑟,73
頂,1469
曼,466
崎,167
性,4938
通,6691
海,6257
悄,118
大,57654
蛋,7733
帽,343
戴,1087
舌,588
殺,748
泓,16
秘,632
進,8497
聽,3412
針,1286
伴,1606
錯,8539
ａ,20
屠,18
鼎,447
琉,144
滾,548
潛,349
沐,188
虧,279
魏,102
朱,322
辦,3762
杰,72
勒,444
薔,14
郭,363
舺,103
恨,146
豌,14
娜,209
丙,30
瀧,14
昭,73
嘰,14
牙,1487
垃,473
豹,91
吻,67
嚐,1405
餘,997
壟,13
漱,32
社,2434
樂,6353
峰,679
鞋,5224
禍,153
眺,73
毯,140
算,8920
午,4778
趨,334
冏,38
批,15960
敦,455
烊,74
橋,1140
專,4276
覓,241
郊,69
竭,32
條,3864
悔,286
褐,57
V,5170
珠,1250
謊,46
淺,635
遇,1792
啞,49
旗,838
槤,37
穫,44
守,734
踹,23
仔,1689
納,912
旺,434
糖,5196
睹,49
裳,13
琴,249
几,30
療,1173
鎊,27
於,11833
賃,38
曦,13
木,1948
北,13391
米,4351
勘,103
炖,15
季,3352
荔,231
關,7382
歪,181
資,6360
蔦,23
晟,14
久,4096
痱,13
傍,115
澈,63
破,1619
鞏,14
頰,69
坑,326
裂,310
寺,160
祀,10
綱,54
艘,50
哆,17
澠,15
攸,14
裕,230
舟,52
ㄞ,47
悠,367
識,1557
財,1102
跟,16725
色,10349
浮,448
展,3690
塞,990
賴,673
倌,13
漿,992
鄧,90
韆,11
潞,10
肪,117
侯,118
猛,224
蟻,120
蓁,26
晴,204
簇,11
諧,117
帷,16
榭,52
霈,27
呵,530
迷,1321
鈴,549
卻,3089
空,5225
申,758
勳,52
塵,692
蕈,32
己,9974
屁,772
柿,119
〈,144
某,1307
冠,685
膝,120
揍,23
僱,47
讚,1240
虫,15
曖,20
斬,55
薏,80
概,3201
恰,400
湘,39
悚,13
嘗,1320
嗅,41
這,52195
笛,71
勤,551
遵,191
阻,288
均,2524
存,1631
縱,180
愉,245
職,1576
蕁,17
萍,43
宅,1153
咀,225
足,3184
席,657
腐,1482
蘭,1619
擒,11
洪,260
顏,1171
硝,12
決,2705
疏,149
加,16878
嘔,58
撩,42
名,12464
紮,503
湳,67
萵,25
槽,155
釜,78
艷,272
鐘,2344
盜,153
音,2705
ㄉ,85
蘋,1007
a,201334
您,1878
瞰,31
擷,30
矛,47
啟,623
奠,21
憨,47
郵,991
客,7111
竄,85
螂,86
晶,749
流,3594
拘,118
W,8888
貳,86
銘,842
怕,3095
數,6358
詛,22
匆,80
采,150
豫,306
撓,16
哪,4949
ㄅ,38
潔,856
匪,27
曆,194
桃,1915
惹,363
溢,298
ㄍ,23
捅,14
氏,287
噌,479
恕,303
預,4641
暢,313
署,502
總,5134
渠,20
鋯,12
飛,1411
女,6111
歇,104
田,1012
盛,1008
粉,5762
追,933
＞,138
逍,22
岸,521
癟,17
趴,337
庚,166
咸,24
啖,134
曠,56
拳,153
条,10
頸,279
上,46458
精,3419
雯,65
稀,347
踏,511
梯,610
杭,42
型,4703
庇,33
阮,25
遭,673
殿,164
怠,28
度,11017
麩,21
以,53725
奢,130
爪,149
率,2151
叫,2320
狹,118
褔,10
鳩,13
餚,47
實,29470
幕,1500
筆,1261
泌,201
駕,444
茂,424
泰,1730
や,37
松,1990
硫,20
遢,12
烹,219
徬,10
旭,148
癱,28
君,395
抽,1283
浴,488
壤,84
餡,1130
誼,110
秩,44
潺,44
邑,15
腱,82
徹,150
紉,20
棉,607
靖,41
甕,19
包,11603
歩,41
妖,56
研,1572
辭,147
推,103722
種,12388
秋,961
嘆,136
妓,34
俏,70
掉,3384
Ｑ,169
胛,14
峻,24
摩,1185
秒,717
削,206
波,2025
Ｊ,23
父,1080
囪,24
寮,284
擾,618
没,15
纏,59
瑽,10
Ｇ,36
柑,212
苯,11
欲,805
朝,611
當,15061
慧,606
哎,70
螞,108
胤,11
諸,123
檔,727
氫,20
仙,637
喂,65
拈,18
瞬,300
館,3724
軋,74
抄,136
檢,2812
湛,62
噹,60
粒,1053
碁,17
謗,22
毒,886
瞧,158
仿,301
鴉,62
對,15079
坐,2487
幣,1665
訪,1619
退,2293
饗,221
栓,13
韌,102
越,3659
書,3973
開,20026
媳,97
え,22
癢,237
搞,996
叔,370
毋,10
鱔,32
翡,85
攜,227
呱,34
棒,2522
輪,1360
焰,63
畑,31
寒,437
婚,894
碧,199
兆,307
分,21164
卷,1285
鋪,533
皮,5045
間,38928
璧,14
荃,15
┘,59
売,22
向,3020
衍,97
莊,748
餉,10
睛,600
淫,37
斯,2397
俗,269
羚,12
魽,19
寞,57
炮,101
菱,174
劍,134
濫,86
測,1525
臼,16
鈉,20
曬,458
絲,3192
刑,186
縫,360
盔,14
凝,139
ㄒ,26
篸,12
岷,10
褶,21
浦,306
睏,23
h,132739
贊,272
べ,21
磯,55
亂,1236
遂,36
涮,619
表,8228
短,1495
箭,110
〃,25
３,314
如,14258
衰,170
滑,1420
琮,18
置,2807
莒,10
匹,81
揶,10
F,19943
炭,358
拚,132
隱,713
聆,33
單,10534
惶,32
姿,280
飆,183
蔗,321
佈,337
軒,232
み,31
牽,366
瞻,15
喊,409
草,2964
覽,703
偉,234
廠,3185
渥,19
谷,558
矯,86
刨,103
個,35281
鬆,2582
パ,33
啥,743
華,3355
痛,2087
噁,245
茗,208
櫚,11
┼,196
霜,699
莓,1585
滿,10444
原,10370
盡,1372
沉,299
油,8253
騎,1183
°,52
姍,15
閻,12
基,4035
裡,12543
楽,21
糙,75
嗒,10
啤,530
嗶,50
菁,159
皿,61
燃,140
糟,329
出,24419
束,768
溶,169
瀕,40
痺,19
風,6732
瑞,1114
凍,1158
盧,166
常,14547
視,3104
嘖,77
章,16675
甄,41
時,51255
臨,953
烯,23
隨,3223
碑,153
粗,607
歆,10
鰻,215
瘡,25
僚,41
樁,28
Q,9228
柬,26
陪,735
劉,463
耗,445
痾,31
丼,908
ㄨ,117
霧,367
探,598
蕭,141
彼,406
吟,47
權,2072
繩,358
觀,4048
骯,13
闢,56
逅,12
珊,75
痂,10
巨,797
m,108020
困,745
稱,4417
哨,45
楨,14
蚌,16
煞,94
紙,1996
劃,811
辱,55
憂,262
集,2525
醉,264
▁,73
壯,289
エ,23
1,642076
鼓,684
廰,10
猶,433
〉,138
╦,27
篷,25
焢,24
豁,22
釘,121
猴,384
寓,169
沖,2226
茼,14
兄,316
陣,1620
斗,283
眠,444
勻,346
堯,14
費,10126
飲,6934
鋸,34
飢,47
更,9016
違,1257
啷,23
遊,2950
と,30
稻,217
俑,10
喫,90
階,774
埠,30
蛟,15
爬,1190
靜,934
妮,283
壽,1507
煲,98
羽,267
靈,553
奎,32
妒,10
繞,462
整,8149
ビ,32
函,130
太,14286
姆,796
售,6325
蝶,403
坦,314
巷,2159
固,1538
屈,187
憑,332
穩,1170
旬,126
僵,52
蚊,227
裔,126
故,1613
凶,43
變,5622
鄉,1801
愁,31
狗,1383
沁,81
咳,132
–,385
第,8908
灌,166
蠣,265
▽,115
P,15317
銷,2088
誦,16
弄,1220
極,1683
窒,12
宙,127
洙,20
粥,473
內,17439
擬,284
芥,370
汐,75
糸,21
言,2883
崁,40
鑿,11
逛,1518
綺,35
相,8310
矩,259
慰,182
嗑,85
禦,71
′,50
扔,18
は,23
孟,92
袱,10
蔻,17
笋,14
深,2218
宴,323
管,4287
丰,11
租,1434
翩,20
鮮,7412
囂,53
擀,12
迦,108
柏,288
敢,1193
忙,2386
袖,322
’,101
頗,1096
偶,885
宿,618
棚,99
窄,181
輕,2905
爵,336
A,38777
扯,393
載,662
梁,197
括,806
蜜,1634
輸,840
引,2663
甘,1010
腦,1139
毆,58
邁,267
苔,399
摟,44
鎬,13
廣,2860
焚,71
庶,17
匿,255
癲,31
饒,401
頑,43
疸,27
良,1086
舔,49
擇,3670
輯,7364
脅,91
液,670
賞,729
修,2548
驥,12
屎,174
菅,11
泊,45
暑,318
衡,450
禚,13
い,31
欄,237
築,529
梆,27
肢,81
我,73800
讞,12
渋,19
娃,382
果,20118
８,168
喔,6410
攪,306
塗,283
鏡,765
揪,481
勃,101
鷹,284
範,929
妥,200
邊,8682
皇,399
徵,4912
崙,94
甫,51
嘉,924
岔,43
悶,427
芭,425
暴,378
默,678
擅,77
骷,10
商,7389
焙,987
筍,392
暱,68
燕,255
煎,1310
L,12367
玥,20
璽,32
淚,421
遶,37
助,2786
芮,27
設,4184
驟,167
賈,68
啄,24
崑,14
紓,87
飩,172
蚤,35
耀,179
詬,12
莫,701
榻,51
嗲,40
悲,223
玟,18
日,20587
產,8044
飪,37
誠,987
ㄋ,27
答,1180
盾,103
耘,15
抒,25
託,654
確,3791
蒻,62
薄,1313
蠶,11
策,983
紀,1605
躲,124
尼,1357
嬸,51
肖,116
搗,39
闡,10
鞭,60
俊,170
倡,41
尾,865
港,2956
填,1262
處,5219
洛,405
ㄇ,40
└,200
椰,421
貸,88
棍,130
瘓,18
礫,15
英,2092
ら,29
淬,11
畢,1491
睿,44
摻,37
唬,75
丹,540
姐,1179
議,5768
籲,146
拿,6852
粽,132
偎,13
悅,294
使,6057
榮,767
你,16335
滯,92
墾,102
店,25094
＠,147
催,376
疤,89
臺,1332
奈,369
索,811
腳,2650
澄,261
瑁,19
員,7431
泣,62
佛,667
勸,204
薰,91
薯,1244
旁,3019
候,5874
呀,1527
赴,138
棧,133
史,958
準,3327
杏,584
羔,23
秦,52
霍,67
鄒,30
移,1009
副,1049
霉,124
烙,75
碳,495
鰭,31
醒,1366
胎,1748
璞,22
萣,10
杖,19
膨,99
瓣,135
瘤,81
楊,571
黃,3843
艾,395
她,5051
擦,791
危,539
耽,20
箍,13
沙,3493
恆,199
搏,56
截,449
箔,64
鑽,398
蹲,70
給,9501
嗤,10
翻,1256
朋,5651
腰,593
潮,1617
餐,20416
倉,293
罕,69
肥,1343
咎,20
渡,246
伺,43
銳,71
曝,134
羞,139
i,185765
襪,366
戲,1315
繫,283
泥,1257
蠕,15
懸,110
螺,218
駅,72
嘎,90
蔓,232
連,5231
增,2398
筋,422
品,18371
阿,6283
顛,95
慕,419
輛,271
穆,72
借,1107
胱,13
玩,3613
撻,27
囍,35
饌,82
ル,64
青,2610
師,5191
經,11906
週,4608
制,2430
凜,13
樟,22
折,3226
昕,55
段,4181
竅,46
瞞,63
雁,10
域,736
瓊,60
黴,38
刻,1517
う,25
蚓,15
簍,19
蠢,121
或,12973
醬,6280
巧,2652
寨,64
吹,537
聳,23
沾,1311
較,14160
易,5700
皺,97
初,2401
捨,318
彿,147
績,628
咧,149
漁,359
靴,173
級,3830
燙,652
抉,68
坡,402
頭,10086
喱,51
六,4072
銚,13
蘿,1107
族,1211
宛,52
繹,64
臟,207
膚,511
寢,47
營,6800
氧,224
市,21049
夫,1062
即,3191
譯,145
臉,1752
背,1597
幅,624
梅,976
毀,207
爍,12
糬,244
Ｏ,80
像,10189
肝,351
衣,2812
慌,111
蔣,87
東,9134
紋,499
熔,75
限,4960
筷,149
髒,438
弔,11
窘,50
邀,748
柱,167
孤,220
洲,1122
既,637
靠,1629
尖,454
效,2330
蜘,33
嗡,16
溜,290
韻,247
之,16285
釁,16
李,1240
自,36128
瀾,23
瀉,50
鹼,66
物,8363
洽,448
竣,24
磅,305
侄,10
赦,31
蹺,15
鉛,66
睦,16
騙,521
Y,7198
磁,190
攬,39
卉,48
疑,1642
抵,735
跌,550
１,676
士,3400
模,1398
燴,68
憶,632
現,18000
綵,35
賄,25
畏,47
R,12063
距,900
眉,123
w,89285
該,9062
曲,583
頒,129
雄,7341
媲,19
圖,6527
敲,243
過,31824
公,15001
墓,47
秀,761
婆,2518
淑,148
凋,26
喲,173
知,12169
且,7498
籃,1105
椹,38
井,395
車,12170
蝸,27
武,586
姚,47
乍,123
點,39035
材,3245
甯,12
協,1710
摳,91
哼,37
吱,84
叢,64
拾,237
露,1407
妳,1866
愕,16
債,353
拐,38
逮,96
晃,457
盯,89
鯧,13
保,8641
呈,735
鵬,43
沃,88
忽,358
駿,27
欽,56
菜,11591
賤,62
滇,44
迫,406
褥,21
さ,33
徠,27
說,25659
貞,151
梵,27
苟,19
讓,11147
梨,1565
柺,15
愷,66
株,66
弊,44
輻,62
虞,53
鏽,348
嬌,112
峇,25
醣,15
劈,28
朔,11
	,31
燄,26
✩,44
水,15169
稼,24
惟,98
獷,11
威,1026
頓,1154
異,1801
寧,752
獄,169
側,937
創,3007
永,1881
邸,90
仇,64
希,4515
ㄘ,35
柳,461
來,65178
綽,36
説,31
儀,333
乞,18
翅,315
扁,335
釦,28
粟,11
刷,1685
堂,1285
﹣,21
貶,91
葬,62
舉,1949
衝,1199
謎,59
臥,197
５,280
ㄧ,1091
墜,76
司,7803
d,56456
噸,171
縛,25
石,1789
佩,252
逗,128
崇,170
立,4510
９,182
燉,1042
渴,219
萃,357
慷,21
免,3402
明,10230
險,1627
下,28619
耿,27
腋,35
老,10500
劫,22
膿,16
框,231
睽,21
宗,485
攏,31
豪,694
輿,20
聘,93
巔,22
訂,2491
攻,832
隆,815
賬,15
黨,1950
承,924
苦,2436
夠,3614
t,282660
棋,59
顧,2577
鞦,11
樹,997
迄,72
渭,16
需,6195
離,3003
砲,111
底,5081
譬,43
帶,10503
荳,30
熊,1005
鵜,24
契,263
夯,230
蔚,20
迢,32
痠,125
籬,36
醫,6044
椪,34
笨,158
壅,15
句,680
斥,148
晉,119
扳,27
凹,221
法,11652
放,7972
椅,1136
巴,4205
穗,76
処,15
謹,106
闊,110
好,57714
鬍,119
玫,661
排,8524
令,1248
轆,26
趕,1165
曙,22
℃,57
瀆,12
澀,515
汁,4355
誕,378
鯨,30
昌,416
朧,12
怯,13
楷,25
焦,1462
會,49030
擺,1516
冕,15
胚,81
鹽,1293
驛,46
筊,25
昱,34
幼,932
此,5320
哩,1245
忘,1457
剖,316
低,3698
貨,4544
伽,25
弘,169
浣,15
牌,6205
蚯,15
臀,33
怡,192
傻,440
椎,80
殷,24
獅,356
目,7163
題,25603
唱,565
雋,10
銓,28
嚀,31
云,38
共,2840
憲,127
余,118
唔,10
区,79
干,836
犬,195
梢,10
蹄,65
係,1881
蟲,300
罪,448
鵝,351
肺,84
審,483
唰,13
槌,23
リ,32
潑,163
愜,82
滷,1113
禮,3508
巢,243
茫,53
螢,320
綸,28
蒙,228
鋅,29
崴,18
亞,1916
鎂,60
宰,79
筱,22
典,1459
只,17352
譚,23
蝴,165
稜,23
盎,153
返,384
摺,78
崖,24
呦,120
舀,47
鑄,67
撞,787
錩,14
咩,88
吮,39
潤,814
祕,101
腴,17
墮,24
何,4067
巾,779
澎,264
責,986
政,4701
鏟,41
絆,10
堡,1383
桂,371
配,8364
玄,205
具,2573
障,780
休,2594
韋,56
子,23403
絡,2216
餒,32
侏,15
緩,573
震,581
場,11837
菇,1157
俱,153
旱,61
坤,144
猿,26
斂,52
滴,642
輩,1070
僥,17
倖,29
是,136078
夕,121
咒,66
犯,485
口,20924
本,19075
派,1360
舵,16
惰,34
譁,12
八,2681
誒,39
瑚,46
漧,10
慈,209
判,757
炙,357
ス,79
假,3702
稍,1636
酸,3652
嚴,1273
跑,3215
價,17420
蒼,34
勾,219
牡,88
泉,594
析,491
迺,13
示,4832
庭,967
起,19706
份,5544
贖,19
禎,11
鞍,19
慵,58
詹,137
籽,145
邦,373
搬,985
織,535
德,2401
列,2543
崔,163
轎,71
罹,44
恍,27
睞,35
熟,2453
似,2863
貢,247
味,24391
隼,14
吵,562
醺,33
萬,4915
和,14563
幽,131
鴦,110
啦,4438
死,1667
止,2355
閃,456
摘,149
世,2192
7,145689
陰,299
斃,21
齁,84
擋,354
懈,14
鎌,20
剌,25
咕,175
緬,63
﹝,73
巡,252
森,850
ㄚ,114
叉,647
語,1550
疼,261
羊,1311
偕,86
蒜,842
儷,34
褪,33
屜,62
瞭,201
堵,88
唇,129
絢,13
因,16472
媒,598
驕,64
茜,21
援,404
洗,3578
倚,27
擘,31
殯,33
沫,65
┴,73
忡,10
縣,1756
凱,567
墊,1305
適,5017
斧,51
耐,1057
釐,71
橢,25
宋,129
狀,3510
嵐,373
尬,144
宇,452
薪,1442
民,7613
供,4371
益,2003
瓜,2374
聖,880
心,20402
維,2097
婉,105
失,2577
彭,212
酬,498
·,75
双,11
扶,331
奪,232
脹,196
揉,117
髮,848
卡,6642
況,3498
閘,43
橫,280
抑,85
昆,177
嗨,128
漓,15
圃,53
駱,26
兔,512
鏈,189
約,6889
飯,7412
猥,28
嘻,117
裸,106
雲,980
├,73
多,34188
竇,30
杉,84
隸,25
寿,12
張,5832
獼,16
蜇,15
膈,28
瓦,545
2,405311
散,1371
冒,690
挾,25
匾,17
梳,31
鬼,683
鉄,41
額,1988
凌,331
肅,48
ゃ,19
禿,13
厘,11
持,4046
帳,1282
弟,1913
糰,286
檬,1629
厝,82
錦,300
延,1379
隅,36
丞,30
衛,1197
吝,106
熙,49
蜊,231
服,6848
終,1538
柔,627
盤,3308
猩,11
叡,17
徊,18
勵,459
顆,2902
別,8595
湊,253
有,116825
宮,1087
哄,212
先,8945
鬚,76
絨,166
鴿,57
秉,65
撫,298
酢,36
念,2627
蚵,395
宣,1427
體,8128
得,28423
鰹,22
蘑,164
習,2424
垢,111
憬,19
濟,1064
墩,188
苓,225
倫,572
拇,57
睡,3890
侍,29
頁,1076
奕,52
睜,74
恩,1002
肘,37
苛,24
汗,356
看,51228
浸,170
復,1870
薇,87
弭,12
春,1221
扇,335
枸,30
姑,245
澆,68
魄,15
蠔,146
蛆,15
城,1910
廟,500
橘,515
齣,21
舞,576
掬,15
墅,13
育,1804
闔,17
夥,1035
斷,1583
嚕,324
想,23570
運,8066
u,96490
怒,338
歸,682
し,60
儼,24
混,902
疾,181
宸,32
握,722
馥,47
桿,142
講,2939
夢,1103
訣,66
鏘,29
押,152
也,46294
曰,26
四,5548
Z,3576
惡,750
烤,4631
硬,2012
掘,78
り,71
煌,52
都,39850
棲,101
妝,351
蟹,899
→,77453
躁,69
滄,13
b,76637
バ,18
沱,19
柵,89
尋,1511
蒐,130
捕,282
会,12
拜,1742
綠,3044
戈,10
簡,2837
嬉,18
力,8855
冲,26
感,20607
瑯,72
靶,11
演,1795
映,503
怪,1893
珈,115
唆,21
蘇,695
邪,113
恥,68
項,3046
祺,14
翠,233
寄,1497
腩,73
雪,1244
扛,88
他,23866
巫,55
趁,600
謂,448
糾,194
⋯,43
鱉,61
避,996
路,16381
誘,324
≡,31
襄,50
夭,38
長,10291
亮,2147
煤,115
斜,278
汽,925
茹,66
抓,1244
糞,53
慨,42
刃,21
糕,3580
后,262
喜,8567
簽,600
就,50752
槓,36
裹,333
炊,81
Ｐ,146
國,16710
找,7257
侷,32
藕,23
哞,10
堤,386
雷,952
豬,3403
生,21829
切,2873
紡,80
鯊,47
急,1063
遑,31
戸,10
迴,297
學,7869
聯,4530
帆,139
腹,550
縮,1190
膩,1909
呃,109
江,805
孵,19
吉,1278
陳,2119
屹,36
澱,115
紹,1940
佐,585
走,6093
啾,116
馴,24
靡,31
愣,38
停,3293
昔,242
若,3073
其,14466
郎,273
諭,11
玖,50
菊,330
炤,13
趙,113
魯,814
彰,647
鋁,155
║,198
丁,1170
跩,13
昨,2012
照,6356
Ｙ,26
被,7468
堆,1534
唷,1680
超,9968
鬱,155
樞,14
丘,127
邱,254
廖,160
衙,144
由,4609
沒,34305
坊,15798
欖,159
騷,141
哉,53
眶,20
鮑,273
酯,15
無,12536
陽,1681
挖,493
奔,184
肉,14541
簷,10
微,3836
儸,13
男,3182
積,1145
哦,1409
腎,105
肛,42
ˊ,73
靄,14
雀,164
卒,11
涕,79
反,4055
廓,21
か,21
橡,160
沏,14
齦,14
料,12028
屍,94
統,4163
棵,42
御,239
埕,291
遲,304
緹,28
巖,17
葳,17
ｂ,38
景,1942
褻,38
締,81
編,7934
甲,1293
票,3429
蠅,35
碎,779
情,6854
燮,11
蔽,34
霖,79
挹,55
狼,170
ˇ,29
橄,155
百,4031
逸,154
事,8435
貧,82
強,3796
俞,10
捷,2557
焿,20
業,26503
膠,1223
械,394
炬,12
窺,22
染,675
伙,83
杜,249
然,17305
飽,2660
嬤,330
∴,40
哥,2102
擔,2319
嚥,56
伐,36
鱗,12
歧,88
試,7509
仍,1419
藜,33
る,30
影,4670
伯,958
缺,1392
俸,12
防,1855
叛,47
瓷,338
琪,100
寫,2949
津,508
X,12125
姨,349
釉,27
召,291
悸,37
誡,10
藻,146
罄,21
窯,184
雅,1380
枝,690
骨,2007
蹟,158
鷗,46
窮,174
寡,69
拒,350
朗,710
淪,49
掌,739
噢,244
ん,98
福,3581
冗,13
九,1999
綾,30
射,516
妞,120
垮,32
達,3515
イ,28
閨,28
杞,33
舅,85
畫,2323
隘,29
ま,47
鶴,76
恭,279
期,10296
ち,34
餅,4604
作,25062
濁,42
歹,75
每,10188
￣,5899
代,5472
府,3023
氛,767
豔,310
環,3329
爹,112
婷,60
￥,73
驊,24
魠,24
〔,98
嘍,74
捉,63
屏,553
錄,4266
冰,7950
曾,1972
買,20446
諮,148
薦,6328
脈,130
濱,187
聚,1120
漏,504
藤,207
黎,272
鬥,213
梧,70
添,950
榔,40
瓶,1925
寥,18
遍,389
摯,34
智,1212
っ,25
苺,11
道,20260
慾,229
仲,139
栗,617
娩,25
歲,2742
股,2607
舗,29
搶,1023
梗,118
蛻,18
豈,37
ク,39
袁,15
撮,13
琅,23
爆,1790
腺,76
訴,1381
宵,205
船,482
躍,185
蕾,492
姓,908
煉,174
蘸,10
翰,161
製,3904
獲,1623
兵,598
萊,604
亦,637
渦,29
中,32592
逞,11
炫,116
埋,73
瘀,33
偌,11
鐵,3459
堅,1075
麻,4212
比,19339
必,2952
莆,18
痕,389
x,18774
文,31669
賽,2210
望,5634
塩,36
擠,1645
淘,317
孝,910
蕎,111
ㄎ,93
寬,1384
馬,5872
鵟,10
奸,20
缽,16
在,54391
贅,33
熄,53
f,34613
嗦,24
俐,72
軍,1371
端,849
逆,329
剎,17
吧,9191
ア,44
程,4880
晏,22
暮,33
呂,78
姊,498
晾,62
重,10059
Ｋ,40
娓,11
禾,221
搭,4995
廳,5506
オ,28
弈,45
併,685
興,3586
邏,198
趾,41
征,64
揄,10
螨,26
癌,182
踐,80
藥,2357
鎮,741
埔,445
8,141726
ㄏ,81
儒,52
駛,267
宥,38
衫,248
蘊,41
鳴,92
乎,3140
柒,31
孫,216
く,29
蠍,24
姻,106
攔,76
蕩,69
万,35
診,1321
嫩,2055
伸,741
豎,15
右,3057
槍,348
佣,14
￼,33
拋,229
烈,629
島,985
藐,30
擎,67
喬,319
ひ,22
賠,317
庄,74
岌,108
カ,26
綁,341
憊,33
浙,12
記,8550
豚,358
膽,315
驅,130
鱺,16
鼠,283
榨,166
腔,175
缸,83
瞎,67
é,101
儲,316
尻,33
而,15237
魔,609
菠,327
素,2005
蟎,78
曄,14
幌,76
樓,6343
繕,15
瑪,578
升,1878
范,80
弧,47
蜀,20
募,200
仁,1653
ば,42
鴻,336
撕,234
昏,225
熱,6149
亡,150
町,328
蕊,203
莎,360
祝,695
霸,557
吼,114
佔,434
隔,1959
蒟,62
局,2819
弓,53
脊,93
鍋,3982
願,1759
患,236
柯,1063
吳,816
櫃,2041
隙,120
嗽,78
奶,11722
幟,15
裁,358
犧,87
誌,2022
犒,30
仗,49
摧,30
梓,359
哧,13
話,10306
童,1005
損,808
瀰,47
＂,62
掐,14
鎧,20
珀,25
徘,19
信,25233
∥,32
蛀,41
崗,64
址,18356
規,4539
贏,412
虎,637
刀,914
壇,190
拖,601
擊,1020
禹,46
鈔,116
等,10737
帖,42
藝,1832
揹,170
牠,241
璨,16
漲,1542
里,2346
跨,401
層,3785
介,2577
邵,14
壼,14
嫁,134
豆,7704
疹,224
甦,33
裏,312
貌,399
嚎,21
贓,19
印,2289
偏,2501
陷,274
幻,365
鶘,24
幾,8456
佑,85
蒡,76
卸,177
挺,1197
磨,1722
陵,60
玲,108
仕,108
姪,47
觸,663
擂,34
啃,141
鯖,66
互,719
綴,192
發,29394
拂,10
溺,17
小,32473
蜓,17
魂,217
撥,294
粄,72
亨,54
潭,362
榴,87
朵,694
遙,207
彥,94
所,16490
喉,278
媽,10465
結,6262
葫,91
送,7009
倆,153
奇,3083
担,15
裝,6507
貼,2714
卦,253
紛,568
柄,34
熬,439
瑰,547
奉,146
噴,659
人,52095
*,12519
夏,1792
元,15213
培,1062
拱,46
9,167419
轟,176
貝,1477
y,64873
茵,18
優,4349
堀,72
粱,11
︿,38
脾,64
插,703
ｃ,19
一,108287
嫌,597
０,890
酒,3937
吃,36792
饋,357
碘,12
蔔,744
芷,18
儕,16
電,12281
雛,24
綻,56
茸,15
述,1403
怖,233
檸,1787
頌,233
戒,294
紳,30
唾,19
塊,2971
焗,203
剃,24
傘,116
濛,18
鈞,29
僧,15
聊,1626
昧,64
牛,8182
啊,8650
要,43431
緻,823
烏,1326
⊙,130
胰,18
劣,206
壺,1659
珮,23
諺,28
嚇,656
睫,114
漳,14
媛,22
成,14317
鋒,170
澳,461
監,530
脂,800
舜,29
沼,25
舖,392
n,157230
娘,918
行,12351
樽,34
捐,348
陀,181
挫,184
U,7618
提,8328
に,19
緣,673
郝,25
淡,2518
胃,1243
儉,43
磺,10
徴,12
順,3193
爽,2021
粵,48
棟,294
抨,30
纜,57
彘,10
雖,4957
涉,444
農,3128
郁,1196
僻,38
拯,32
漾,120
教,4294
凳,112
噗,126
瑜,193
魚,5741
蒂,268
鯰,18
嘴,1661
蓬,133
負,1445
措,219
註,1242
稚,161
乳,3136
聞,1923
濕,1185
評,2339
可,50314
囑,15
蒿,17
惑,318
徑,369
坨,55
屬,1588
佼,20
各,7209
浪,938
韭,123
妍,42
源,1677
叻,35
塭,16
岩,296
穿,4889
詩,226
な,34
貴,3334
j,27759
涯,166
獸,185
ラ,54
噓,4072
牆,930
芯,273
王,2499
貯,15
崩,440
汶,22
家,36156
鴞,47
鉅,52
亭,291
霄,24
閎,23
紗,221
婿,17
け,24
嫂,277
貪,287
備,3278
Ｔ,80
瑋,69
三,14051
彎,268
搔,27
坂,31
嵌,26
酥,2935
M,34144
貓,1947
降,1209
拍,5257
彤,40
至,7415
璟,19
趟,312
領,2139
厄,33
求,6011
堰,14
欉,107
玳,21
窩,200
鄰,497
傾,234
艇,85
釀,247
箱,2493
遏,13
慢,2755
臘,275
弱,549
剉,66
眩,26
陡,42
掛,1248
餵,2181
擁,619
柴,502
旅,2223
僅,1928
侈,66
氯,15
煜,22
顫,18
核,723
芎,10
蒸,1081
涓,21
穴,47
劵,41
萎,69
堪,217
問,21388
ˋ,91
洋,1724
耍,101
闖,191
ン,106
厚,2564
真,17215
芹,57
燭,42
碼,1251
丈,105
滌,13
踩,372
卜,72
棄,703
磋,13
燦,170
動,13324
茨,17
鎳,10
礎,245
p,146001
憋,44
暗,434
神,2916
香,12476
刺,700
瀟,13
清,7385
些,8802
能,22570
檻,104
燒,4723
淆,42
響,2033
酷,335
赭,11
乖,670
繪,328
殖,179
奴,85
肆,50
諾,537
瞳,16
吋,471
蟳,62
捧,190
否,3796
l,115385
芒,1001
罷,181
串,1283
Ｍ,42
後,28139
綜,803
摸,548
控,1502
漬,273
捌,15
臆,13
授,388
蘆,331
那,15149
賓,509
哺,338
廁,445
前,22726
浜,10
櫻,792
芝,849
芋,1196
姜,33
了,63080
泡,4590
軀,12
庵,12
匈,24
戚,420
茲,224
訓,731
r,118244
角,2245
院,3551
呢,4554
取,4524
爭,1183
繡,60
券,2039
晨,486
沿,436
董,551
鴛,115
融,1108
墟,29
敏,622
嚨,101
羹,255
瀨,44
桔,114
擲,16
緝,57
檳,131
逝,50
濾,1557
汀,139
囊,222
蛤,552
凰,65
淒,49
佬,82
稽,86
沮,39
鎖,1016
補,2667
憐,208
葚,44
濤,11
朴,171
量,9119
跪,177
狡,28
洞,503
軟,3699
倩,43
龍,3983
狐,54
撤,152
壹,110
購,6471
葷,86
牧,209
馳,45
搜,739
篩,139
昶,10
予,438
警,1861
臭,1097
髦,12
隋,13
顱,19
劑,500
｡,23
落,2444
紫,963
蕉,840
攝,658
お,39
闕,23
毫,393
勺,46
貿,586
閥,54
疚,24
茅,40
肋,293
痘,30
茉,95
魅,132
銑,13
刁,49
版,8155
務,5549
槿,152
麽,53
蹋,18
鄭,285
爺,379
漸,833
摔,166
披,565
招,2022
疝,14
戶,1801
麒,19
讀,2369
寶,16264
詭,102
燜,23
T,27553
桑,273
↑,108
咻,45
皓,40
﹐,40
盆,470
剔,95
驢,18
棗,163
丫,19
緒,398
た,39
賀,170
詮,52
懼,79
細,3451
軸,179
首,2180
打,9627
康,2511
則,4047
隍,27
眼,3206
姬,164
架,1180
交,9659
閱,1175
陶,455
須,1350
靚,24
蹤,243
咔,13
禁,1188
夾,1097
翼,123
覷,26
沺,12
胖,944
詠,76
桀,16
羈,17
炳,71
始,4991
龐,99
活,7024
年,22405
容,4513
辣,4086
叩,18
琇,13
徐,238
佳,1737
獵,103
旨,93
痴,29
林,4586
鸚,69
咐,10
勉,147
剪,599
序,555
操,699
忱,19
涂,23
芳,386
謝,18240
繆,10
汕,42
蜒,21
痞,86
幫,5954
蔬,1324
喵,143
鹿,670
溉,12
為,30493
帝,349
嗜,132
少,10055
罩,266
N,17219
噎,33
懂,1343
徒,220
孩,6322
污,167
普,3702
罐,1044
繃,75
勁,886
廂,912
眷,143
畜,50
占,429
龜,322
県,27
喻,88
舶,22
胭,18
諱,27
盈,192
際,2569
麗,2031
游,470
形,2048
蜻,17
兮,39
薈,49
丑,51
戰,2124
往,3262
淤,22
愈,481
償,307
莖,24
臊,11
汰,110
完,11248
傳,3110
全,14178
夷,223
咦,124
據,1865
汝,24
啼,19
絮,43
鑰,103
鵡,59
化,6332
Ｎ,51
菌,436
騰,379
邂,12
彷,156
烽,11
B,21706
航,678
謙,70
呷,35
茶,19270
勿,766
5,200039
賺,711
遣,75
淹,79
證,2360
依,2370
酌,212
遞,179
浩,120
煥,67
K,11849
ー,172
楣,33
陌,152
土,1763
閣,147
耕,168
麂,29
虛,390
藍,1968
菸,285
袍,65
迸,29
皂,68
6,168741
蕃,248
支,2841
胗,40
將,6227
ト,66
歉,704
芙,357
園,4721
疫,300
瞄,56
龔,12
瑙,11
H,9495
意,12570
身,6697
渣,179
剛,7026
位,14979
す,43
翌,11
便,8900
激,849
螯,25
ぐ,18
面,18850
麋,23
碗,2310
厲,767
校,1629
脫,807
氮,72
嘯,19
簧,46
雜,1087
E,17697
逢,710
懶,633
ド,19
害,2065
塘,38
敝,25
魷,297
靂,24
調,6552
閒,1327
賢,260
砍,214
杯,8470
濠,13
隊,3706
菲,416
隻,2307
遛,42
洩,134
義,5984
歡,8417
迎,1905
充,1869
蛙,242
訟,88
赤,187
紅,7356
辨,224
見,4317
哈,5348
謐,27
偷,719
侮,17
鍊,388
虱,81
Ｗ,19
垂,139
蹈,55
壞,1448
袋,1575
腕,199
冥,45
伏,93
灑,519
偽,135
庫,693
爛,954
到,49989
悟,87
芡,35
笙,12
天,24131
私,1349
咪,1535
留,2764
哲,291
嬰,1189
矮,96
溝,656
菡,15
帥,480
岡,473
遼,46
腥,290
桐,22
螃,213
暫,645
爲,56
努,603
傭,130
侶,158
胞,235
橙,366
敵,334
淨,1769
圍,1716
墳,12
丸,924
剝,234
抗,747
齡,488
妨,293
鍰,38
枯,41
漂,863
苑,265
ご,28
昂,114
閑,16
汙,236
慚,17
痰,84
胺,31
唉,359
窟,18
應,10507
者,23816
６,211
收,6781
Ｉ,55
販,1075
＼,114
准,179
犁,155
鱻,21
駐,299
競,620
蝙,35
吶,64
嚷,38
村,879
鵪,11
╬,66
銀,1410
逾,257
欸,681
峨,22
遜,124
徨,10
盞,35
非,7837
舒,2145
忠,1161
瞇,12
兇,180
儂,45
蘅,14
恬,33
卯,21
蠻,4302
不,115833
刈,78
拼,556
鶯,108
〖,21
再,12333
峽,118
躬,44
・,66
墨,654
街,3933
斟,78
課,1803
腿,1668
楚,1220
漆,175
葛,97
侃,21
孔,483
廢,569
賜,67
茱,39
≧,18
理,10287
赫,87
榕,55
甩,96
慘,413
組,3187
恤,50
霹,26
鱷,34
疆,49
茴,16
溏,41
娟,58
省,1072
噱,64
潘,174
褲,1037
俄,159
區,14864
翊,11
唏,13
氣,10240
﹒,23
質,5806
命,1162
撐,711
捍,27
凸,160
吾,44
拓,172
敬,324
銜,46
玻,737
$,5164
慣,1352
搾,13
鴨,1529
♡,22
尚,1065
旋,301
式,13389
零,1011
尺,1375
允,153
鮪,290
殼,580
葡,778
笑,1953
瞥,13
塌,87
燁,15
碰,946
琥,23
搓,62
訥,40
辜,90
屆,340
ｅ,23
套,3382
駁,190
枋,32
廉,166
壢,389
毛,1638
究,1283
閉,328
鈦,67
遷,271
簿,81
獻,271
瑕,128
霾,24
系,3035
藉,457
憤,103
喧,40
琳,149
啜,35
奏,220
佃,35
妻,429
吭,11
枕,239
幹,832
喀,51
盥,11
叁,18
愧,151
悍,22
諷,63
救,822
鍵,687
怨,408
役,167
虐,156
迅,190
唯,689
縈,21
蓄,85
哇,373
坪,743
╳,27
咯,15
湧,120
孳,15
籌,194
溼,163
板,23456
癒,198
回,10890
圾,470
颱,507
麴,45
欣,493
案,2426
顎,35
釋,904
蔡,648
霆,47
甸,87
糊,338
居,2167
詳,1173
鼻,645
忌,154
寵,322
嚮,23
定,13935
遺,596
手,14612
主,10962
室,2618
韓,2337
科,2722
按,1701
從,6697
k,48709
五,5859
曉,571
礙,451
早,5765
親,4029
跳,1532
匯,757
溪,443
嘛,791
略,1291
濃,4099
饢,12
氾,16
翁,96
e,205637
荐,24
き,60
團,4814
嶺,166
二,8466
烘,1399
囧,337
安,7780
塔,1343
享,5761
罵,514
拌,899
正,8316
黛,50
把,5435
拭,61
揣,18
任,3276
榛,92
緊,1390
Ｃ,103
繳,417
皆,1275
ロ,67
碟,215
羨,149
稠,256
扼,32
４,237
枚,85
字,3206
差,5712
メ,47
賣,9447
兩,13195
卅,98
齋,22
宕,16
Ｘ,160
g,89795
喳,19
傲,110
及,9351
燥,433
爐,932
o,191817
州,974
訊,2896
揭,237
莉,360
惱,279
漠,71
緯,51
鑑,226
テ,19
艱,47
シ,23
談,1225
耳,921
律,882
莞,16
炎,501
盒,2563
昇,86
熨,40
樸,198
攀,99
息,2149
伶,14
慮,1954
馮,38
乘,437
猜,402
轍,26
划,633
崛,83
換,6357
醃,396
泳,331
謾,17
脆,3266
軌,265
砂,351
火,4166
歌,807
遠,2264
般,3423
嗚,497
群,1587
革,355
傅,682
哭,1604
滋,1486
嶼,42
透,2336
儘,305
琲,20
封,992
渾,59
官,2829
禱,33
尷,101
嘲,54
燻,363
錫,105
廚,1441
漢,1429
線,4870
苣,28
敷,125
門,8166
掰,144
洶,30
咿,13
悉,316
雙,5111
楦,25
撿,247
盟,610
另,5190
例,2189
企,981
辻,97
絕,2022
I,12969
轄,94
娠,158
硯,15
淇,1480
竟,2040
高,20316
Ｓ,61
純,2236
床,1637
疵,116
報,5544
咱,85
淵,33
擄,21
兢,16
恐,754
美,15209
鍛,23
憩,42
聰,302
騏,11
譽,196
╴,42
祥,313
鮭,689
圈,1954
雞,6591
碌,137
Ｄ,160
耶,2523
去,23477
飾,934
嘩,32
噪,68
陞,64
嚏,16
葩,15
履,109
疊,292
星,7422
做,7884
艦,286
億,1451
煩,1695
緞,22
肚,1387
渺,24
抱,2345
竊,107
倍,692
懷,1996
徽,35
牴,14
磚,340
挽,34
マ,28
敗,674
魁,34
嚼,766
夜,5229
湖,990
s,141690
辯,116
左,3473
象,2480
蟑,95
酵,358
住,4595
迪,521
的,257070
祭,164
闆,2728
滲,118
岑,13
計,4986
錠,28
膳,239
ψ,43
╗,43
寂,66
界,1970
潰,359
襲,173
臂,115
潢,876
鑣,10
愚,35
災,482
彌,245
勞,1899
楞,24
叭,108
碾,23
臣,155
兌,627
犀,49
掏,112
洱,198
樺,63
墘,32
戀,417
ㄙ,105
撒,313
禽,21
叮,140
誇,610
齒,353
篇,1874
刮,306
餃,902
§,34
孕,1802
卓,138
祈,99
訕,20
尹,20
湯,6851
滅,195
們,16751
雨,1361
快,6289
饕,128
番,1040
暇,32
蠟,90
蓋,1752
芬,228
匙,456
鍍,73
寇,11
餓,629
瞪,30
灰,595
盅,43
今,8415
灘,142
恣,20
朦,11
諜,13
旦,564
勝,1367
陸,1589
癮,419
禧,43
縄,14
Ｅ,65
嗆,364
鏞,19
婦,1176
粘,22
壓,2501
╱,175
Ｈ,26
籤,254
襟,11
琦,31
琢,10
凡,444
殘,457
術,2195
蝦,3018
秤,183
爾,1584
莢,13
花,9117
部,9067
替,606
Ｒ,37
穀,227
伊,541
錢,4937
柚,910
欺,149
古,1766
濺,11
稿,123
鏤,52
矇,15
蛛,36
但,25447
鉀,18
饅,183
掀,104
貫,151
肌,353
岐,12
撼,67
刪,1406
奬,17
戎,14
埤,77
姦,63
裊,23
僕,31
建,5920
ㄤ,35
